{"initial_reset_timestamp": 1592905215.491322, "timestamps": [1592905225.49579, 1592905230.563047, 1592905230.720244, 1592905230.728201, 1592905230.733933, 1592905230.739887, 1592905230.747612, 1592905230.755432, 1592905235.115586, 1592905235.27331, 1592905235.279222, 1592905235.286955, 1592905235.2928798, 1592905235.300873, 1592905235.307008, 1592905235.314847, 1592905235.320464, 1592905235.326404, 1592905235.3342102, 1592905235.3418481, 1592905235.3498938, 1592905235.3577092, 1592905235.363734, 1592905235.369566, 1592905235.3773289, 1592905235.384904, 1592905235.39278, 1592905239.8625112, 1592905240.0244858, 1592905240.032341, 1592905240.038114, 1592905240.043909, 1592905240.0518, 1592905240.0596201, 1592905240.065792, 1592905240.071954, 1592905240.079895, 1592905240.085928, 1592905240.0938182, 1592905240.099926, 1592905240.1058822, 1592905240.113788, 1592905240.119968, 1592905240.1281521, 1592905240.135948, 1592905240.1417909, 1592905240.149513, 1592905240.1552498, 1592905240.163525, 1592905240.169394, 1592905240.177539, 1592905240.183147, 1592905240.188797, 1592905240.194675, 1592905240.2003489, 1592905240.208094, 1592905240.215609, 1592905240.221406, 1592905240.227295, 1592905240.2336571, 1592905240.241508, 1592905240.24927, 1592905240.257303, 1592905240.265337, 1592905244.7610502, 1592905244.9224288, 1592905244.928399, 1592905244.93412, 1592905244.942157, 1592905244.948135, 1592905244.955751, 1592905244.96176, 1592905244.969513, 1592905244.9756002, 1592905244.983697, 1592905244.989516, 1592905244.995508, 1592905245.001533, 1592905245.009224, 1592905245.0171158, 1592905245.022909, 1592905245.030536, 1592905245.036275, 1592905245.043968, 1592905245.049657, 1592905245.0557199, 1592905245.061494, 1592905245.069534, 1592905245.075593, 1592905245.081264, 1592905245.0869398, 1592905245.092897, 1592905245.098612, 1592905245.106808, 1592905245.112711, 1592905245.120737, 1592905245.126369, 1592905245.134219, 1592905245.139863, 1592905245.147625, 1592905245.153356, 1592905245.1610901, 1592905245.1667662, 1592905245.174463, 1592905245.1821802, 1592905245.1879401, 1592905245.1955268, 1592905245.201199, 1592905245.208889, 1592905245.214644, 1592905245.222448, 1592905245.228141, 1592905245.233957, 1592905245.239805, 1592905245.247746, 1592905245.2553332, 1592905245.262326, 1592905245.268021, 1592905245.275657, 1592905245.2837498, 1592905245.2916448, 1592905245.3002272, 1592905245.307843, 1592905245.3137002, 1592905245.3196979, 1592905250.29321, 1592905250.4502232, 1592905250.458126, 1592905250.465514, 1592905250.4716039, 1592905250.477427, 1592905250.483518, 1592905250.491622, 1592905250.499785, 1592905250.505562, 1592905250.5136268, 1592905250.521488, 1592905250.5276842, 1592905250.536038, 1592905250.544079, 1592905250.551983, 1592905250.560213, 1592905250.5659862, 1592905250.573789, 1592905250.579493, 1592905250.585786, 1592905250.5916858, 1592905250.5998569, 1592905250.605588, 1592905250.6149561, 1592905250.6256871, 1592905250.6317282, 1592905250.6374972, 1592905250.64534, 1592905250.651466, 1592905250.657195, 1592905250.663303, 1592905250.670885, 1592905250.6768708, 1592905250.682654, 1592905250.690527, 1592905250.696566, 1592905250.702629], "episode_lengths": [119, 170, 115, 152, 113, 115, 152, 153, 153, 112, 114, 154, 113, 152, 119, 156, 112, 119, 156, 153, 161, 154, 119, 116, 155, 151, 155, 156, 160, 152, 113, 113, 154, 153, 121, 121, 154, 116, 152, 120, 116, 152, 121, 160, 153, 114, 152, 113, 152, 114, 159, 112, 113, 112, 112, 153, 149, 114, 113, 121, 154, 153, 159, 158, 156, 152, 112, 113, 158, 119, 152, 119, 152, 120, 159, 114, 119, 118, 152, 155, 115, 152, 114, 153, 113, 112, 112, 152, 120, 112, 113, 118, 114, 158, 115, 159, 112, 156, 112, 153, 114, 154, 113, 154, 154, 114, 151, 113, 154, 115, 152, 113, 115, 116, 155, 152, 140, 114, 153, 159, 158, 171, 152, 113, 119, 158, 113, 150, 145, 120, 114, 120, 160, 158, 114, 159, 152, 114, 150, 156, 156, 152, 113, 154, 113, 113, 114, 156, 113, 115, 152, 119, 114, 150, 112, 113, 112, 150, 115, 114, 155, 119, 120], "episode_rewards": [-119.0, -170.0, -115.0, -152.0, -113.0, -115.0, -152.0, -153.0, -153.0, -112.0, -114.0, -154.0, -113.0, -152.0, -119.0, -156.0, -112.0, -119.0, -156.0, -153.0, -161.0, -154.0, -119.0, -116.0, -155.0, -151.0, -155.0, -156.0, -160.0, -152.0, -113.0, -113.0, -154.0, -153.0, -121.0, -121.0, -154.0, -116.0, -152.0, -120.0, -116.0, -152.0, -121.0, -160.0, -153.0, -114.0, -152.0, -113.0, -152.0, -114.0, -159.0, -112.0, -113.0, -112.0, -112.0, -153.0, -149.0, -114.0, -113.0, -121.0, -154.0, -153.0, -159.0, -158.0, -156.0, -152.0, -112.0, -113.0, -158.0, -119.0, -152.0, -119.0, -152.0, -120.0, -159.0, -114.0, -119.0, -118.0, -152.0, -155.0, -115.0, -152.0, -114.0, -153.0, -113.0, -112.0, -112.0, -152.0, -120.0, -112.0, -113.0, -118.0, -114.0, -158.0, -115.0, -159.0, -112.0, -156.0, -112.0, -153.0, -114.0, -154.0, -113.0, -154.0, -154.0, -114.0, -151.0, -113.0, -154.0, -115.0, -152.0, -113.0, -115.0, -116.0, -155.0, -152.0, -140.0, -114.0, -153.0, -159.0, -158.0, -171.0, -152.0, -113.0, -119.0, -158.0, -113.0, -150.0, -145.0, -120.0, -114.0, -120.0, -160.0, -158.0, -114.0, -159.0, -152.0, -114.0, -150.0, -156.0, -156.0, -152.0, -113.0, -154.0, -113.0, -113.0, -114.0, -156.0, -113.0, -115.0, -152.0, -119.0, -114.0, -150.0, -112.0, -113.0, -112.0, -150.0, -115.0, -114.0, -155.0, -119.0, -120.0], "episode_types": ["t", "t", "t", "t", "t", "t", "t", "t", "t", "t", "t", "t", "t", "t", "t", "t", "t", "t", "t", "t", "t", "t", "t", "t", "t", "t", "t", "t", "t", "t", "t", "t", "t", "t", "t", "t", "t", "t", "t", "t", "t", "t", "t", "t", "t", "t", "t", "t", "t", "t", "t", "t", "t", "t", "t", "t", "t", "t", "t", "t", "t", "t", "t", "t", "t", "t", "t", "t", "t", "t", "t", "t", "t", "t", "t", "t", "t", "t", "t", "t", "t", "t", "t", "t", "t", "t", "t", "t", "t", "t", "t", "t", "t", "t", "t", "t", "t", "t", "t", "t", "t", "t", "t", "t", "t", "t", "t", "t", "t", "t", "t", "t", "t", "t", "t", "t", "t", "t", "t", "t", "t", "t", "t", "t", "t", "t", "t", "t", "t", "t", "t", "t", "t", "t", "t", "t", "t", "t", "t", "t", "t", "t", "t", "t", "t", "t", "t", "t", "t", "t", "t", "t", "t", "t", "t", "t", "t", "t", "t", "t", "t", "t", "t", "t"]}